"标题","来源","时间","语言","国家","正文片段","URL"
"Closing arguments to begin in San Francisco Twitter shareholder trial accusing Elon Musk of driving down stock","abc7news.com","","English","United States","","https://abc7news.com/post/closing-arguments-begin-san-francisco-twitter-shareholder-trial-accusing-elon-musk-driving-down-stock/18724922/"
"  别墅级新能源旗舰MPV  至境世家纯电版上市 ， 售价48 . 99万元","xxcb.cn","","Chinese","China","","https://www.xxcb.cn/details/2q8biSYgB69b95cf08420177df2042b17.html"
"Woman Sues Tesla After Self - Driving Cybertruck Nearly Drove Off Overpass | NewsRadio WKCY","newsradiowkcy.iheart.com","","English","United States","","https://newsradiowkcy.iheart.com/content/2026-03-17-woman-sues-tesla-after-self-driving-cybertruck-nearly-drove-off-overpass/"
"中國電動車勢力崛起席捲全球市場 傳統車廠面臨嚴峻挑戰","n.yam.com","","Chinese","Taiwan","","https://n.yam.com/Article/20260318914164"
"Uber - Nvidia deal boosts Bank of America confidence in rideshare app AV future","finance.yahoo.com","","English","United States","","https://finance.yahoo.com/news/uber-nvidia-deal-boosts-bank-173700617.html"
"Quem é a pessoa mais rica de cada país na lista de bilionários 2026 da Forbes ? ","sapo.pt","","Portuguese","Portugal","","https://sapo.pt/artigo/quem-e-a-pessoa-mais-rica-de-cada-pais-na-lista-de-bilionarios-2026-da-forbes-69b990379a8a610b53128245"
"Woman Sues Tesla After Self - Driving Cybertruck Nearly Drove Off Overpass","whyn.iheart.com","","English","United States","","https://whyn.iheart.com/content/2026-03-17-woman-sues-tesla-after-self-driving-cybertruck-nearly-drove-off-overpass/"
"Elon Musk Pushes Back Tesla Roadster Reveal Again","businessinsider.com","","English","United States","","https://www.businessinsider.com/elon-musk-tesla-roadster-demo-reveal-date-pushed-back-2026-3"
"Woman Sues Tesla After Self - Driving Cybertruck Nearly Drove Off Overpass","twincitiesnewstalk.iheart.com","","English","United States","","https://twincitiesnewstalk.iheart.com/content/2026-03-17-woman-sues-tesla-after-self-driving-cybertruck-nearly-drove-off-overpass/"
"Woman Sues Tesla After Self - Driving Cybertruck Nearly Drove Off Overpass","1190talkradio.iheart.com","","English","United States","","https://1190talkradio.iheart.com/content/2026-03-17-woman-sues-tesla-after-self-driving-cybertruck-nearly-drove-off-overpass/"
"Lemonade stock jumps after Morgan Stanley upgrades to Overweight on Tesla partnership ( LMND : NYSE ) ","seekingalpha.com","","English","United States","","https://seekingalpha.com/news/4565415-lemonade-stock-jumps-after-morgan-stanley-upgrades-to-overweight-on-tesla-partnership"
"CWH Class Action : BFA Law Notifies Investors Camping World Sued for Securities Fraud After Earnings","pharmiweb.com","","English","United States","","https://www.pharmiweb.com/press-release/2026-03-17/cwh-class-action-bfa-law-notifies-investors-camping-world-sued-for-securities-fraud-after-earnings"
"Woman Sues Tesla After Self - Driving Cybertruck Nearly Drove Off Overpass","710wor.iheart.com","","English","United States","","https://710wor.iheart.com/content/2026-03-17-woman-sues-tesla-after-self-driving-cybertruck-nearly-drove-off-overpass/"
"Woman Sues Tesla After Self - Driving Cybertruck Nearly Drove Off Overpass","newstalk1090.iheart.com","","English","United States","","https://newstalk1090.iheart.com/content/2026-03-17-woman-sues-tesla-after-self-driving-cybertruck-nearly-drove-off-overpass/"
"Engineering students win national airport competition with expandable TSA bins","psu.edu","","English","United States","","https://www.psu.edu/news/engineering/story/engineering-students-win-national-airport-competition-expandable-tsa-bins"
"马斯克 ： 如果告赢OpenAI ， 上千亿美元收益全部捐给慈善机构 - lionhill发表于 财富智汇 - 论坛","bbs.wenxuecity.com","","Chinese","China","","https://bbs.wenxuecity.com/bbs/cfzh/65406.html"
"Woman Sues Tesla After Self - Driving Cybertruck Nearly Drove Off Overpass","talk1200boston.iheart.com","","English","United States","","https://talk1200boston.iheart.com/content/2026-03-17-woman-sues-tesla-after-self-driving-cybertruck-nearly-drove-off-overpass/"
"Lemonade Stock Surges After Morgan Stanley Upgrade - Lemonade ( NYSE : LMND ) ","benzinga.com","","English","United States","","https://www.benzinga.com/trading-ideas/movers/26/03/51305392/lemonade-stock-surges-after-morgan-stanley-upgrade"
"今日新闻丨启境GT7正式亮相 ！ 别克至境世家纯电版上市 ， 售价48 . 99万元 ！ 岚图泰山黑武士版上市 ， 售价50 . 99万元 ！ ","k.sina.com.cn","","Chinese","China","","https://k.sina.com.cn/article_5952915720_162d2490806703i1c0.html"
"Closing arguments to begin in Twitter shareholder trial against Musk","dailynews.com","","English","United States","","https://www.dailynews.com/2026/03/17/elon-musk-twitter-shareholder-trial-closing-arguments/"
"Woman Sues Tesla After Self - Driving Cybertruck Nearly Drove Off Overpass","1190kex.iheart.com","","English","United States","","https://1190kex.iheart.com/content/2026-03-17-woman-sues-tesla-after-self-driving-cybertruck-nearly-drove-off-overpass/"
"Woman Sues Tesla After Self - Driving Cybertruck Nearly Drove Off Overpass","talkradio1059.iheart.com","","English","United States","","https://talkradio1059.iheart.com/content/2026-03-17-woman-sues-tesla-after-self-driving-cybertruck-nearly-drove-off-overpass/"
"Woman Sues Tesla After Self - Driving Cybertruck Nearly Drove Off Overpass","wtkg.iheart.com","","English","United States","","https://wtkg.iheart.com/content/2026-03-17-woman-sues-tesla-after-self-driving-cybertruck-nearly-drove-off-overpass/"
"Woman Sues Tesla After Self - Driving Cybertruck Nearly Drove Off Overpass","wflafm.iheart.com","","English","United States","","https://wflafm.iheart.com/content/2026-03-17-woman-sues-tesla-after-self-driving-cybertruck-nearly-drove-off-overpass/"
"Woman Sues Tesla After Self - Driving Cybertruck Nearly Drove Off Overpass","wjno.iheart.com","","English","United States","","https://wjno.iheart.com/content/2026-03-17-woman-sues-tesla-after-self-driving-cybertruck-nearly-drove-off-overpass/"
"Woman Sues Tesla After Self - Driving Cybertruck Nearly Drove Off Overpass","55krc.iheart.com","","English","United States","","https://55krc.iheart.com/content/2026-03-17-woman-sues-tesla-after-self-driving-cybertruck-nearly-drove-off-overpass/"
"Woman Sues Tesla After Self - Driving Cybertruck Nearly Drove Off Overpass","wwnc.iheart.com","","English","United States","","https://wwnc.iheart.com/content/2026-03-17-woman-sues-tesla-after-self-driving-cybertruck-nearly-drove-off-overpass/"
"Woman Sues Tesla After Self - Driving Cybertruck Nearly Drove Off Overpass","970kfbx.iheart.com","","English","United States","","https://970kfbx.iheart.com/content/2026-03-17-woman-sues-tesla-after-self-driving-cybertruck-nearly-drove-off-overpass/"
"Closing arguments to begin in Twitter shareholder trial against Musk","capitalgazette.com","","English","United States","","https://www.capitalgazette.com/2026/03/17/elon-musk-twitter-shareholder-trial-closing-arguments/"
"Best Electric Vehicle Stocks Worth Watching – March 17th","tickerreport.com","","English","United States","","https://www.tickerreport.com/banking-finance/13383936/best-electric-vehicle-stocks-worth-watching-march-17th.html"
"Euro - NCAP 公布最新测试成绩 , 零跑 B10 、 红旗 EHS7 、 比亚迪海豹 06 等国产车拿下五星","k.sina.com.cn","","Chinese","China","","https://k.sina.com.cn/article_7880068201_1d5b04c6901901wu9y.html"
"Woman Sues Tesla After Self - Driving Cybertruck Nearly Drove Off Overpass","800wvhu.iheart.com","","English","United States","","https://800wvhu.iheart.com/content/2026-03-17-woman-sues-tesla-after-self-driving-cybertruck-nearly-drove-off-overpass/"
"La codicia no tiene límite : Empleada contable es acusada de robar cientos de dólares","meridiano.net","","Spanish","","","https://meridiano.net/hipismo/la-codicia-no-tiene-limite-empleada-contable-es-acusada-de-robar-cientos-de-dolares-2026317900"
"Woman Sues Tesla After Self - Driving Cybertruck Nearly Drove Off Overpass | Newstalk 1400 , 104 . 5 , and 105 . 9 WJMX","newstalk1400online.iheart.com","","English","United States","","https://newstalk1400online.iheart.com/content/2026-03-17-woman-sues-tesla-after-self-driving-cybertruck-nearly-drove-off-overpass/"
"Closing arguments to begin in Twitter shareholder trial against Musk","baltimoresun.com","","English","United States","","https://www.baltimoresun.com/2026/03/17/elon-musk-twitter-shareholder-trial-closing-arguments/"
"Closing arguments to begin in Twitter shareholder trial against Musk","timesherald.com","","English","United States","","https://www.timesherald.com/2026/03/17/elon-musk-twitter-shareholder-trial-closing-arguments/"
"Woman Sues Tesla After Self - Driving Cybertruck Nearly Drove Off Overpass","kfbk.iheart.com","","English","United States","","https://kfbk.iheart.com/content/2026-03-17-woman-sues-tesla-after-self-driving-cybertruck-nearly-drove-off-overpass/"
"Woman Sues Tesla After Self - Driving Cybertruck Nearly Drove Off Overpass","wjdx.iheart.com","","English","United States","","https://wjdx.iheart.com/content/2026-03-17-woman-sues-tesla-after-self-driving-cybertruck-nearly-drove-off-overpass/"
"Bangers & Cash","tvguide.co.uk","","English","United Kingdom","","https://www.tvguide.co.uk/schedule/891687e2-8e58-50e2-8cd3-ec1832bcdd6b/bangers-and-cash"
"马斯克放话 ： SpaceX将凭技术融合优势 ， 成就远超所有人工智能公司总和 - 业界动态 - ITBear比尔科技","itbear.com.cn","","Chinese","China","","https://www.itbear.com.cn/html/2026-03/1214619.html"
"תיעוד מפחיד : טסלה מסתבכת לאחר שרכב כמעט דרדר אם ותינוקת אל התהום","kikar.co.il","","Hebrew","Israel","","https://www.kikar.co.il/interesting/tc1tu7"
"Woman Sues Tesla After Self - Driving Cybertruck Nearly Drove Off Overpass | WJBO Newsradio 1150 AM & 98 . 7 FM","wjbo.iheart.com","","English","United States","","https://wjbo.iheart.com/content/2026-03-17-woman-sues-tesla-after-self-driving-cybertruck-nearly-drove-off-overpass/"
"Woman Sues Tesla After Self - Driving Cybertruck Nearly Drove Off Overpass","720thevoice.iheart.com","","English","United States","","https://720thevoice.iheart.com/content/2026-03-17-woman-sues-tesla-after-self-driving-cybertruck-nearly-drove-off-overpass/"
"Renault verslaat Tesla , maar niet met auto ","autoblog.nl","","Dutch","Netherlands","","https://www.autoblog.nl/nieuws/renault-verslaat-tesla-maar-niet-met-autos-7228023"
"New York to begin testing EV fast chargers for accuracy","beenews.com","","English","","","https://www.beenews.com/ken_ton_bee/ken_ton_bee/news/new-york-to-begin-testing-ev-fast-chargers-for-accuracy/article_ee4eb9d4-bf79-49e2-b83f-c2c8bfe16b63.html"
"Woman Sues Tesla After Self - Driving Cybertruck Nearly Drove Off Overpass","newsradio710.iheart.com","","English","United States","","https://newsradio710.iheart.com/content/2026-03-17-woman-sues-tesla-after-self-driving-cybertruck-nearly-drove-off-overpass/"
"易车 : 终身质保  的两面性 : 经销商如何找平衡","k.sina.com.cn","","Chinese","China","","https://k.sina.com.cn/article_7880068201_1d5b04c6901901wtkm.html"
"Woman Sues Tesla After Self - Driving Cybertruck Nearly Drove Off Overpass","1019bigwaax.iheart.com","","English","United States","","https://1019bigwaax.iheart.com/content/2026-03-17-woman-sues-tesla-after-self-driving-cybertruck-nearly-drove-off-overpass/"
"Woman Sues Tesla After Self - Driving Cybertruck Nearly Drove Off Overpass","wdov.iheart.com","","English","United States","","https://wdov.iheart.com/content/2026-03-17-woman-sues-tesla-after-self-driving-cybertruck-nearly-drove-off-overpass/"
"Woman Sues Tesla After Self - Driving Cybertruck Nearly Drove Off Overpass","wiod.iheart.com","","English","United States","","https://wiod.iheart.com/content/2026-03-17-woman-sues-tesla-after-self-driving-cybertruck-nearly-drove-off-overpass/"